Tmr Svc,IDLE,PWRMGNT,FLOW,CRTP-RX,SENSORS,ZRANGER2,CMDHL,MEM,LOG,PARAM,SYSTEM,CRTP-TX,LPS,STABILIZE,SYSLINK,KALMAN,USBLINK
206,128,76,205,214,188,77,204,216,102,92,158,62,277,329,19,261,113
174,128,76,214,188,77,205,216,102,92,158,329,62,261,19,277,113,204
174,128,76,214,77,188,205,102,113,92,158,62,329,19,277,261,204,216
174,128,205,76,214,188,77,113,204,92,158,329,277,19,62,261,216,102
172,128,205,76,214,188,77,204,216,92,158,62,329,261,277,19,102,113
172,128,76,214,77,205,216,102,92,158,62,277,329,188,19,261,113,204
172,128,76,214,188,77,205,102,113,92,158,329,277,19,62,261,204,216
172,128,76,214,77,188,205,113,204,92,158,62,329,19,277,261,216,102
172,128,205,76,214,188,77,204,216,92,158,62,329,277,261,19,102,113
172,128,76,214,188,77,205,216,102,92,158,62,329,261,277,19,113,204
172,128,205,76,214,188,77,102,113,92,158,62,329,261,277,19,204,216
172,128,76,214,188,77,205,113,204,92,158,62,329,277,19,261,216,102
172,128,76,214,77,205,204,216,92,158,277,62,329,188,19,261,102,113
172,128,76,214,188,77,205,216,102,92,158,62,329,277,19,261,113,204
172,128,76,214,77,205,102,113,92,158,62,19,277,329,188,261,204,216
172,128,76,214,188,77,205,113,204,92,158,62,329,19,277,261,216,102
172,128,76,214,77,188,205,204,216,92,158,62,329,19,261,277,102,113
172,128,76,214,77,205,216,102,92,158,62,19,277,329,188,261,113,204
172,128,205,76,214,77,102,113,92,158,329,188,277,19,62,261,204,216
172,128,76,214,188,77,205,113,204,92,158,277,329,62,261,19,216,102
172,128,76,214,188,77,205,204,216,92,158,329,62,277,261,19,102,113
172,128,76,214,188,77,205,216,102,92,158,62,329,261,277,19,113,204
172,128,205,76,214,188,77,102,113,92,158,62,329,277,19,261,204,216
